{ "Mercury": [
	{
	"Long": "60.750646",
	"LongP": "77.299833",
	"Eccent": "0.205633",
	"Semi": "0.387099",
	"Inclin": "7.004540",
	"ascnode": "48.212740",
	"adia": "6.74",
	"visual": "-0.42",
	"tropic": "0.240852",
	"orbit": "87.9691"
	}
],
	"Earth": [
	{
	"Long": "99.403308",
	"LongP": "102.768413",
	"Eccent": "0.016713",
	"Semi": "1.00000",
	"Inclin": "0.0",
	"ascnode": "0.0",
	"adia": "0.0",
	"visual": "0.0",
	"tropic": "1.00004",
	"orbit": "365.256363"
	}
],

	"Venus": [
	{
	"Long": "88.455855",
	"LongP": "131.430236",
	"Eccent": "0.006778",
	"Semi": "0.723332",
	"Inclin": "3.394535",
	"ascnode": "76.589820",
	"adia": "16.92",
	"visual": "-4.40",
	"tropic": "0.615211",
	"orbit": "224.701"
	}


],

	"Mars": [
	{
	"Long": "240.739474",
	"LongP": "335.874939",
	"Eccent": "0.093396",
	"Semi": "1.523688",
	"Inclin": "1.849736",
	"ascnode": "49.480308",
	"adia": "9.36",
	"visual": "-1.52",
	"tropic": "1.880932",
	"orbit": "686.971"

	}


],


	"Jupiter": [
	{
	"Long": "90.638185",
	"LongP": "14.170747",
	"Eccent": "0.048482",
	"Semi": "5.202561",
	"Inclin": "1.303613",
	"ascnode": "100.353142",
	"adia": "196.74",
	"visual": "-9.40",
	"tropic": "11.863075",
	"orbit": "4332.59"
	}

],

	"Saturn": [
	{
	"Long": "287.690033",
	"LongP": "92.861407",
	"Eccent": "0.055581",
	"Semi": "9.554747",
	"Inclin": "2.488980", 
	"ascnode": "113.576139",
	"adia": "165.60",
	"visual": "-8.88",
	"tropic": "29.471362",
	"orbit": "10759.22"
	}

],

	"Uranus": [
	{
	"Long": "271.063148",
	"LongP": "172.884833",
	"Eccent": "0.046321",
	"Semi": "19.21814",
	"Inclin": "0.773059",
	"ascnode": "73.926961",
	"adia": "65.80",
	"visual": "-7.19",
	"tropic": "84.039492",
	"orbit": "30674.41"
	}

],

	"Neptune": [
	{
	"Long": "282.349556",
	"LongP": "48.009758",
	"Eccent": "0.009003",
	"Semi": "30.109570",
	"Inclin": "1.770646",
	"ascnode": "131.670599",
	"adia": "62.20",
	"visual": "-6.87",
	"tropic": "164.79246",
	"orbit": "60149.24"
	}

],

	"Pluto": [
	{
	"Long": "221.4127",
	"LongP": "224.133",
	"Eccent": "0.24624",
	"Semi": "39.3414",
	"Inclin": "17.1420",
	"ascnode": "110.144",
	"adia": "8.20",
	"visual": "-1.00",
	"tropic": "246.77027",
	"orbit": "90071.14855"
	}
]	

}


